﻿{"cameraMode":{"drawMode":0,"name":"Shaded","section":"Shading Mode"},"sceneLighting":true,"audioPlay":false,"sceneViewState":{"showFog":true,"showMaterialUpdate":false,"showSkybox":true,"showFlares":true,"showImageEffects":true,"showParticleSystems":true},"in2DMode":false,"pivot":{"x":40.554256439208987,"y":0.5743458271026611,"z":-5.1810712814331059},"rotation":{"x":0.22105471789836884,"y":0.004388578236103058,"z":-0.0009946102509275079,"w":0.9752510190010071},"size":65.16549682617188,"orthographic":false}